CREATE DATABASE  IF NOT EXISTS `siee` /*!40100 DEFAULT CHARACTER SET utf8 */;
USE `siee`;
-- MySQL dump 10.13  Distrib 8.0.31, for Win64 (x86_64)
--
-- Host: 127.0.0.1    Database: siee
-- ------------------------------------------------------
-- Server version	5.7.40

/*!40101 SET @OLD_CHARACTER_SET_CLIENT=@@CHARACTER_SET_CLIENT */;
/*!40101 SET @OLD_CHARACTER_SET_RESULTS=@@CHARACTER_SET_RESULTS */;
/*!40101 SET @OLD_COLLATION_CONNECTION=@@COLLATION_CONNECTION */;
/*!50503 SET NAMES utf8 */;
/*!40103 SET @OLD_TIME_ZONE=@@TIME_ZONE */;
/*!40103 SET TIME_ZONE='+00:00' */;
/*!40014 SET @OLD_UNIQUE_CHECKS=@@UNIQUE_CHECKS, UNIQUE_CHECKS=0 */;
/*!40014 SET @OLD_FOREIGN_KEY_CHECKS=@@FOREIGN_KEY_CHECKS, FOREIGN_KEY_CHECKS=0 */;
/*!40101 SET @OLD_SQL_MODE=@@SQL_MODE, SQL_MODE='NO_AUTO_VALUE_ON_ZERO' */;
/*!40111 SET @OLD_SQL_NOTES=@@SQL_NOTES, SQL_NOTES=0 */;

--
-- Table structure for table `atividade`
--

DROP TABLE IF EXISTS `atividade`;
/*!40101 SET @saved_cs_client     = @@character_set_client */;
/*!50503 SET character_set_client = utf8mb4 */;
CREATE TABLE `atividade` (
  `id` int(11) NOT NULL AUTO_INCREMENT,
  `atividade` text NOT NULL,
  `id_ponto` int(11) NOT NULL,
  PRIMARY KEY (`id`),
  KEY `fk_atividade_ponto1_idx` (`id_ponto`),
  CONSTRAINT `fk_atividade_ponto1` FOREIGN KEY (`id_ponto`) REFERENCES `ponto` (`id`) ON DELETE NO ACTION ON UPDATE NO ACTION
) ENGINE=InnoDB DEFAULT CHARSET=latin1;
/*!40101 SET character_set_client = @saved_cs_client */;

--
-- Dumping data for table `atividade`
--

LOCK TABLES `atividade` WRITE;
/*!40000 ALTER TABLE `atividade` DISABLE KEYS */;
/*!40000 ALTER TABLE `atividade` ENABLE KEYS */;
UNLOCK TABLES;

--
-- Table structure for table `coordenador`
--

DROP TABLE IF EXISTS `coordenador`;
/*!40101 SET @saved_cs_client     = @@character_set_client */;
/*!50503 SET character_set_client = utf8mb4 */;
CREATE TABLE `coordenador` (
  `id` int(11) NOT NULL AUTO_INCREMENT,
  `cpf` varchar(45) NOT NULL,
  `nome` varchar(255) NOT NULL,
  `graduacao` varchar(255) NOT NULL,
  `pos_graduacao` varchar(255) DEFAULT NULL,
  `telefone` varchar(45) NOT NULL,
  `email` varchar(255) NOT NULL,
  `nucleo` varchar(255) NOT NULL,
  `turno` varchar(255) NOT NULL,
  `id_curso` int(11) NOT NULL,
  `senha` varchar(255) NOT NULL,
  `id_perfil` int(11) NOT NULL,
  PRIMARY KEY (`id`),
  KEY `fk_coordenador_curso1_idx` (`id_curso`),
  KEY `fk_perfil_menu_idx` (`id_perfil`),
  CONSTRAINT `fk_coordenador_curso1` FOREIGN KEY (`id_curso`) REFERENCES `curso` (`id`) ON DELETE NO ACTION ON UPDATE NO ACTION,
  CONSTRAINT `fk_coordenador_perfil` FOREIGN KEY (`id_perfil`) REFERENCES `perfil` (`id`) ON DELETE NO ACTION ON UPDATE NO ACTION
) ENGINE=InnoDB AUTO_INCREMENT=3 DEFAULT CHARSET=latin1;
/*!40101 SET character_set_client = @saved_cs_client */;

--
-- Dumping data for table `coordenador`
--

LOCK TABLES `coordenador` WRITE;
/*!40000 ALTER TABLE `coordenador` DISABLE KEYS */;
INSERT INTO `coordenador` VALUES (2,'1','janderson','alguma coisa ai','asda','2132132','asdasd@gmail.com','imformatica','vesp',1,'c4ca4238a0b923820dcc509a6f75849b',1);
/*!40000 ALTER TABLE `coordenador` ENABLE KEYS */;
UNLOCK TABLES;

--
-- Table structure for table `curso`
--

DROP TABLE IF EXISTS `curso`;
/*!40101 SET @saved_cs_client     = @@character_set_client */;
/*!50503 SET character_set_client = utf8mb4 */;
CREATE TABLE `curso` (
  `id` int(11) NOT NULL AUTO_INCREMENT,
  `nome` varchar(255) CHARACTER SET latin1 NOT NULL,
  PRIMARY KEY (`id`),
  UNIQUE KEY `nome_UNIQUE` (`nome`)
) ENGINE=InnoDB AUTO_INCREMENT=9 DEFAULT CHARSET=utf8;
/*!40101 SET character_set_client = @saved_cs_client */;

--
-- Dumping data for table `curso`
--

LOCK TABLES `curso` WRITE;
/*!40000 ALTER TABLE `curso` DISABLE KEYS */;
INSERT INTO `curso` VALUES (7,'Técnico em Eletrônica'),(6,'Técnico em Eletrotécnica'),(1,'Técnico em Informática'),(8,'Técnico em Telecomunicações');
/*!40000 ALTER TABLE `curso` ENABLE KEYS */;
UNLOCK TABLES;

--
-- Table structure for table `estagiario`
--

DROP TABLE IF EXISTS `estagiario`;
/*!40101 SET @saved_cs_client     = @@character_set_client */;
/*!50503 SET character_set_client = utf8mb4 */;
CREATE TABLE `estagiario` (
  `id` int(11) NOT NULL AUTO_INCREMENT,
  `matricula` varchar(45) NOT NULL,
  `senha` varchar(255) NOT NULL,
  `nome` varchar(255) NOT NULL,
  `endereco` varchar(255) NOT NULL,
  `telefone` varchar(45) DEFAULT NULL,
  `celular` varchar(45) NOT NULL,
  `email` varchar(255) NOT NULL,
  `periodo` varchar(45) NOT NULL,
  `turma` varchar(45) NOT NULL,
  `turno` varchar(45) NOT NULL,
  `composicao_carga_horaria` varchar(255) DEFAULT NULL,
  `carga_horaria` varchar(45) DEFAULT NULL,
  `data_inicio` bigint(20) DEFAULT NULL,
  `data_termino` bigint(20) DEFAULT NULL,
  `data_inicio_aditivo` bigint(20) DEFAULT NULL,
  `data_termino_aditivo` bigint(20) DEFAULT NULL,
  `data_recisao` bigint(20) DEFAULT NULL,
  `apolice` varchar(255) CHARACTER SET latin1 COLLATE latin1_bin DEFAULT NULL,
  `seguradora` varchar(255) DEFAULT NULL,
  `id_curso` int(11) NOT NULL,
  `id_perfil` int(11) NOT NULL,
  PRIMARY KEY (`id`),
  KEY `fk_estagiario_curso_idx` (`id_curso`),
  KEY `fk_estagiario_perfil_idx` (`id_perfil`),
  CONSTRAINT `fk_estagiario_curso` FOREIGN KEY (`id_curso`) REFERENCES `curso` (`id`) ON DELETE NO ACTION ON UPDATE NO ACTION,
  CONSTRAINT `fk_estagiario_perfil` FOREIGN KEY (`id_perfil`) REFERENCES `perfil` (`id`) ON DELETE NO ACTION ON UPDATE NO ACTION
) ENGINE=InnoDB AUTO_INCREMENT=3 DEFAULT CHARSET=latin1;
/*!40101 SET character_set_client = @saved_cs_client */;

--
-- Dumping data for table `estagiario`
--

LOCK TABLES `estagiario` WRITE;
/*!40000 ALTER TABLE `estagiario` DISABLE KEYS */;
INSERT INTO `estagiario` VALUES (2,'2','c81e728d9d4c2f636f067f89cc14862c','Estagiario','asdasd','2131323','3213123','asdasd@gmail.com','5','b','vesp','120','120',32131,213132,1321231,21231352,21312,'adas','sdas',1,2);
/*!40000 ALTER TABLE `estagiario` ENABLE KEYS */;
UNLOCK TABLES;

--
-- Table structure for table `menu`
--

DROP TABLE IF EXISTS `menu`;
/*!40101 SET @saved_cs_client     = @@character_set_client */;
/*!50503 SET character_set_client = utf8mb4 */;
CREATE TABLE `menu` (
  `id` int(11) NOT NULL AUTO_INCREMENT,
  `titulo` varchar(255) NOT NULL,
  `link` varchar(255) NOT NULL,
  PRIMARY KEY (`id`)
) ENGINE=InnoDB AUTO_INCREMENT=5 DEFAULT CHARSET=latin1;
/*!40101 SET character_set_client = @saved_cs_client */;

--
-- Dumping data for table `menu`
--

LOCK TABLES `menu` WRITE;
/*!40000 ALTER TABLE `menu` DISABLE KEYS */;
INSERT INTO `menu` VALUES (1,'administração','index.php'),(2,'estagiario','index.php'),(3,'Cursos','listar_curso.php'),(4,'gerenciar menus','form_gerenciar_menu_perfil.php');
/*!40000 ALTER TABLE `menu` ENABLE KEYS */;
UNLOCK TABLES;

--
-- Table structure for table `parecer`
--

DROP TABLE IF EXISTS `parecer`;
/*!40101 SET @saved_cs_client     = @@character_set_client */;
/*!50503 SET character_set_client = utf8mb4 */;
CREATE TABLE `parecer` (
  `id` int(11) NOT NULL AUTO_INCREMENT,
  `parecer` text,
  `id_coordenador` int(11) NOT NULL,
  `id_estagiario` int(11) NOT NULL,
  PRIMARY KEY (`id`),
  KEY `fk_parecer_coordenador1_idx` (`id_coordenador`),
  KEY `fk_parecer_estagiario1_idx` (`id_estagiario`),
  CONSTRAINT `fk_parecer_coordenador1` FOREIGN KEY (`id_coordenador`) REFERENCES `coordenador` (`id`) ON DELETE NO ACTION ON UPDATE NO ACTION,
  CONSTRAINT `fk_parecer_estagiario1` FOREIGN KEY (`id_estagiario`) REFERENCES `estagiario` (`id`) ON DELETE NO ACTION ON UPDATE NO ACTION
) ENGINE=InnoDB DEFAULT CHARSET=latin1;
/*!40101 SET character_set_client = @saved_cs_client */;

--
-- Dumping data for table `parecer`
--

LOCK TABLES `parecer` WRITE;
/*!40000 ALTER TABLE `parecer` DISABLE KEYS */;
/*!40000 ALTER TABLE `parecer` ENABLE KEYS */;
UNLOCK TABLES;

--
-- Table structure for table `perfil`
--

DROP TABLE IF EXISTS `perfil`;
/*!40101 SET @saved_cs_client     = @@character_set_client */;
/*!50503 SET character_set_client = utf8mb4 */;
CREATE TABLE `perfil` (
  `id` int(11) NOT NULL AUTO_INCREMENT,
  `nome` varchar(45) NOT NULL,
  `descricao` varchar(45) NOT NULL,
  PRIMARY KEY (`id`)
) ENGINE=InnoDB AUTO_INCREMENT=3 DEFAULT CHARSET=latin1;
/*!40101 SET character_set_client = @saved_cs_client */;

--
-- Dumping data for table `perfil`
--

LOCK TABLES `perfil` WRITE;
/*!40000 ALTER TABLE `perfil` DISABLE KEYS */;
INSERT INTO `perfil` VALUES (1,'administrador','administra o sistema'),(2,'estagiario','estagiario');
/*!40000 ALTER TABLE `perfil` ENABLE KEYS */;
UNLOCK TABLES;

--
-- Table structure for table `perfil_menu`
--

DROP TABLE IF EXISTS `perfil_menu`;
/*!40101 SET @saved_cs_client     = @@character_set_client */;
/*!50503 SET character_set_client = utf8mb4 */;
CREATE TABLE `perfil_menu` (
  `id_perfil` int(11) NOT NULL,
  `id_menu` int(11) NOT NULL,
  PRIMARY KEY (`id_perfil`,`id_menu`),
  KEY `fk_menu_idx` (`id_menu`),
  CONSTRAINT `fk_menu` FOREIGN KEY (`id_menu`) REFERENCES `menu` (`id`) ON DELETE NO ACTION ON UPDATE NO ACTION,
  CONSTRAINT `fk_perfil` FOREIGN KEY (`id_perfil`) REFERENCES `perfil` (`id`) ON DELETE NO ACTION ON UPDATE NO ACTION
) ENGINE=InnoDB DEFAULT CHARSET=latin1;
/*!40101 SET character_set_client = @saved_cs_client */;

--
-- Dumping data for table `perfil_menu`
--

LOCK TABLES `perfil_menu` WRITE;
/*!40000 ALTER TABLE `perfil_menu` DISABLE KEYS */;
INSERT INTO `perfil_menu` VALUES (1,1),(1,2),(2,2),(1,3),(1,4);
/*!40000 ALTER TABLE `perfil_menu` ENABLE KEYS */;
UNLOCK TABLES;

--
-- Table structure for table `ponto`
--

DROP TABLE IF EXISTS `ponto`;
/*!40101 SET @saved_cs_client     = @@character_set_client */;
/*!50503 SET character_set_client = utf8mb4 */;
CREATE TABLE `ponto` (
  `id` int(11) NOT NULL AUTO_INCREMENT,
  `data` bigint(20) NOT NULL,
  `hora_entrada` time NOT NULL,
  `hora_saida` time NOT NULL,
  `id_estagiario` int(11) NOT NULL,
  PRIMARY KEY (`id`),
  KEY `fk_ponto_estagiario1_idx` (`id_estagiario`),
  CONSTRAINT `fk_ponto_estagiario1` FOREIGN KEY (`id_estagiario`) REFERENCES `estagiario` (`id`) ON DELETE NO ACTION ON UPDATE NO ACTION
) ENGINE=InnoDB DEFAULT CHARSET=latin1;
/*!40101 SET character_set_client = @saved_cs_client */;

--
-- Dumping data for table `ponto`
--

LOCK TABLES `ponto` WRITE;
/*!40000 ALTER TABLE `ponto` DISABLE KEYS */;
/*!40000 ALTER TABLE `ponto` ENABLE KEYS */;
UNLOCK TABLES;

--
-- Table structure for table `resposta`
--

DROP TABLE IF EXISTS `resposta`;
/*!40101 SET @saved_cs_client     = @@character_set_client */;
/*!50503 SET character_set_client = utf8mb4 */;
CREATE TABLE `resposta` (
  `id` int(11) NOT NULL AUTO_INCREMENT,
  `id_curso` int(11) NOT NULL,
  `questao1` text NOT NULL,
  `questao2` text NOT NULL,
  `questao3` text NOT NULL,
  `questao4` text NOT NULL,
  `questao5` text NOT NULL,
  `questao6` text NOT NULL,
  `id_estagiario` int(11) NOT NULL,
  PRIMARY KEY (`id`,`id_curso`),
  KEY `fk_perguntas_estagiario1_idx` (`id_estagiario`),
  KEY `fk_perguntas_curso1_idx` (`id_curso`),
  CONSTRAINT `fk_perguntas_curso1` FOREIGN KEY (`id_curso`) REFERENCES `curso` (`id`) ON DELETE NO ACTION ON UPDATE NO ACTION,
  CONSTRAINT `fk_perguntas_estagiario1` FOREIGN KEY (`id_estagiario`) REFERENCES `estagiario` (`id`) ON DELETE NO ACTION ON UPDATE NO ACTION
) ENGINE=InnoDB DEFAULT CHARSET=latin1;
/*!40101 SET character_set_client = @saved_cs_client */;

--
-- Dumping data for table `resposta`
--

LOCK TABLES `resposta` WRITE;
/*!40000 ALTER TABLE `resposta` DISABLE KEYS */;
/*!40000 ALTER TABLE `resposta` ENABLE KEYS */;
UNLOCK TABLES;
/*!40103 SET TIME_ZONE=@OLD_TIME_ZONE */;

/*!40101 SET SQL_MODE=@OLD_SQL_MODE */;
/*!40014 SET FOREIGN_KEY_CHECKS=@OLD_FOREIGN_KEY_CHECKS */;
/*!40014 SET UNIQUE_CHECKS=@OLD_UNIQUE_CHECKS */;
/*!40101 SET CHARACTER_SET_CLIENT=@OLD_CHARACTER_SET_CLIENT */;
/*!40101 SET CHARACTER_SET_RESULTS=@OLD_CHARACTER_SET_RESULTS */;
/*!40101 SET COLLATION_CONNECTION=@OLD_COLLATION_CONNECTION */;
/*!40111 SET SQL_NOTES=@OLD_SQL_NOTES */;

-- Dump completed on 2022-12-01 10:54:31
